feature,clean_feature,family,importance,importance_share
momentum_score,momentum_score,Composite/unsupervised,1.1483283907437938,0.040100696599513055
log_market_cap,log_market_cap,Market behavior,0.8481750169371164,0.02961906131699111
log_market_cap_month_rank,log_market_cap_month_rank,Relative position,0.572382473912755,0.019988128927463895
sic2_24,sic2_24,Context/categorical,0.5467547192225507,0.019093183871988103
low_volatility_6m_month_rank,low_volatility_6m_month_rank,Relative position,0.4576394867227114,0.0159811969789736
volatility_6m_month_rank,volatility_6m_month_rank,Relative position,0.45763948672270416,0.01598119697897335
log_market_cap_industry_relative,log_market_cap_industry_relative,Relative position,0.43493565412675916,0.015188358005457753
sic2_17,sic2_17,Context/categorical,0.4344055090624416,0.015169844846200096
sic2_23,sic2_23,Context/categorical,0.42724018685002385,0.01491962512299722
sic2_48,sic2_48,Context/categorical,0.4145299390180644,0.01447577143434646
risk_adjusted_momentum,risk_adjusted_momentum,Composite/unsupervised,0.37803698784532974,0.013201403601247072
sic2_29,sic2_29,Context/categorical,0.362723859553127,0.012666654903413956
sic2_22,sic2_22,Context/categorical,0.36102249026039324,0.012607241503587227
momentum_6m_month_rank,momentum_6m_month_rank,Relative position,0.35699842840068463,0.01246671751669065
market_excess_momentum_6m,market_excess_momentum_6m,Market behavior,0.34967223379606727,0.012210879979765816
sic_division_Agriculture,sic_division_Agriculture,Context/categorical,0.3179207190386915,0.011102087520985125
quality_score,quality_score,Composite/unsupervised,0.31574784502513725,0.011026208737294976
sic2_40,sic2_40,Context/categorical,0.3030971270259845,0.010584433885833336
sic2_39,sic2_39,Context/categorical,0.3003737374189278,0.01048933058503964
risk_score,risk_score,Composite/unsupervised,0.29151749856655934,0.010180062478377558
momentum_12m_month_rank,momentum_12m_month_rank,Relative position,0.2912702482362819,0.010171428266632464
sic2_1,sic2_1,Context/categorical,0.281276639648744,0.009822442149826999
momentum_6m,momentum_6m,Market behavior,0.2647823919106619,0.00924644766121768
sic2_70,sic2_70,Context/categorical,0.25262191159264474,0.008821792366035697
sic2_28,sic2_28,Context/categorical,0.2511832480745795,0.008771552896462576
sic2_25,sic2_25,Context/categorical,0.24889370759518933,0.008691600011158696
sic2_62,sic2_62,Context/categorical,0.2481301594485581,0.008664936198947848
sic2_67,sic2_67,Context/categorical,0.24556690446690288,0.008575424948372592
sic2_16,sic2_16,Context/categorical,0.24226538875953516,0.008460132945869784
sic2_35,sic2_35,Context/categorical,0.23045661948200222,0.008047759727695426
sic_division_Construction,sic_division_Construction,Context/categorical,0.22264402528918462,0.007774936664269839
sic2_63,sic2_63,Context/categorical,0.22090581247382923,0.007714236654328604
sic2_20,sic2_20,Context/categorical,0.2124699401813133,0.007419648139334816
sic2_34,sic2_34,Context/categorical,0.2100850575605909,0.007336365817683693
sic2_33,sic2_33,Context/categorical,0.209414308281535,0.0073129426283324835
share_type_UG,share_type_UG,Context/categorical,0.1983570127907443,0.0069268115744793605
sic2_56,sic2_56,Context/categorical,0.19535201548489461,0.006821874270642275
sic2_65,sic2_65,Context/categorical,0.192162133096143,0.00671048060756598
sic2_78,sic2_78,Context/categorical,0.1874904438713706,0.006547340870083333
volatility_6m_industry_rank,volatility_6m_industry_rank,Relative position,0.18405012565073472,0.006427201754579852
sic2_30,sic2_30,Context/categorical,0.18362762967263618,0.006412447801643732
value_score,value_score,Composite/unsupervised,0.1809809937093964,0.006320024809556517
share_type_AD,share_type_AD,Context/categorical,0.17529195670717093,0.006121358340444942
sic2_32,sic2_32,Context/categorical,0.17152733211312143,0.005989894144424096
sic2_27,sic2_27,Context/categorical,0.17101725532337606,0.005972081787999829
sic2_59,sic2_59,Context/categorical,0.17014943387071307,0.005941776654854731
sic2_87,sic2_87,Context/categorical,0.1701024987434273,0.00594013763650918
sic2_12,sic2_12,Context/categorical,0.16189952337828642,0.005653682099066855
sic2_60,sic2_60,Context/categorical,0.15267040070807453,0.0053313925422980475
sic2_46,sic2_46,Context/categorical,0.15166049639374377,0.005296125743331869
sic2_58,sic2_58,Context/categorical,0.14950596678672326,0.005220887563398134
sic_division_Mining,sic_division_Mining,Context/categorical,0.14850234430039908,0.005185840131714879
calendar_month_name_April,calendar_month_name_April,Context/categorical,0.14536846491148123,0.005076402145536498
calendar_month_name_September,calendar_month_name_September,Context/categorical,0.1452779498113416,0.005073241273962102
sic2_infrequent_sklearn,sic2_infrequent_sklearn,Context/categorical,0.14069851683368764,0.004913323210527513
atq_missing,atq_missing,Accounting fundamentals,0.1394805888960261,0.004870792032946332
quality_value_interaction,quality_value_interaction,Composite/unsupervised,0.13834588133238282,0.004831166988311357
calendar_month_name_March,calendar_month_name_March,Context/categorical,0.1358843548055947,0.0047452081900982
sic2_99,sic2_99,Context/categorical,0.13569141928513195,0.004738470702083702
sic_division_Other,sic_division_Other,Context/categorical,0.13569141928513195,0.004738470702083702
low_liabilities_to_assets_month_rank,low_liabilities_to_assets_month_rank,Relative position,0.13509599540637768,0.004717677945845597
liabilities_to_assets_month_rank,liabilities_to_assets_month_rank,Relative position,0.1350959954063743,0.004717677945845479
calendar_month_name_November,calendar_month_name_November,Context/categorical,0.1334834235354597,0.004661365434666886
roa,roa,Accounting fundamentals,0.1318116773617496,0.004602986501738193
sic2_79,sic2_79,Context/categorical,0.13144601267973793,0.004590217150576363
calendar_month_name_February,calendar_month_name_February,Context/categorical,0.12529028310946475,0.00437525334245673
market_excess_return_1m,market_excess_return_1m,Market behavior,0.12375424022732771,0.0043216132948214695
calendar_quarter_Q2,calendar_quarter_Q2,Context/categorical,0.1228751669161791,0.0042909152363015835
sales_to_market_month_rank,sales_to_market_month_rank,Relative position,0.12031722116078217,0.004201589388850625
crsp_ret_12m,crsp_ret_12m,Market behavior,0.12031561882144003,0.004201533433668878
calendar_month,calendar_month,Context/categorical,0.12029397196760441,0.0042007775053778135
calendar_quarter_Q1,calendar_quarter_Q1,Context/categorical,0.1182454335760615,0.004129240637375702
roa_industry_relative,roa_industry_relative,Relative position,0.11736064023027717,0.004098342829920481
sic_division_Transportation,sic_division_Transportation,Context/categorical,0.11685791649718265,0.004080787249080804
log_market_cap_industry_rank,log_market_cap_industry_rank,Relative position,0.1166018230809742,0.004071844228541309
sic2_61,sic2_61,Context/categorical,0.11484163111918048,0.004010376686341927
gross_margin_industry_relative,gross_margin_industry_relative,Relative position,0.11437198608938189,0.003993976244620528
sic2_82,sic2_82,Context/categorical,0.11400414802847415,0.00398113099704404
calendar_quarter_Q3,calendar_quarter_Q3,Context/categorical,0.11374233580778557,0.003971988270527387
book_to_market,book_to_market,Accounting fundamentals,0.11333971262821366,0.003957928294219141
sic2_51,sic2_51,Context/categorical,0.11023505304553897,0.003849510690880981
sic_division_Retail,sic_division_Retail,Context/categorical,0.108977566288533,0.0038055980824955515
sic2_38,sic2_38,Context/categorical,0.10861826154456694,0.0037930508262919355
sic2_13,sic2_13,Context/categorical,0.10837358860871568,0.0037845066195599845
calendar_month_name_January,calendar_month_name_January,Context/categorical,0.10765136187993517,0.0037592857897343567
momentum_12m,momentum_12m,Market behavior,0.10752862214206385,0.0037549996038063983
calendar_quarter_Q4,calendar_quarter_Q4,Context/categorical,0.10495124596390448,0.0036649952279011427
profit_margin_industry_relative,profit_margin_industry_relative,Relative position,0.10460552677654915,0.0036529223919837214
sic2_75,sic2_75,Context/categorical,0.10378415740975871,0.0036242394089282706
gross_margin_month_rank,gross_margin_month_rank,Relative position,0.10182762663459527,0.003555915532557313
sic2_14,sic2_14,Context/categorical,0.10064767818974665,0.003514710634227408
book_to_market_month_rank,book_to_market_month_rank,Relative position,0.09980060974485835,0.0034851302154366775
feature_pca3,feature_pca3,Composite/unsupervised,0.09855327497762509,0.0034415721239865068
sic2_80,sic2_80,Context/categorical,0.09829915961543796,0.003432698178935178
sic2_55,sic2_55,Context/categorical,0.09822467575852109,0.0034300971333006184
value_momentum_interaction,value_momentum_interaction,Composite/unsupervised,0.09811044526291729,0.0034261080980354944
volatility_12m,volatility_12m,Market behavior,0.09626435160597716,0.0033616407886595664
asset_turnover_month_rank,asset_turnover_month_rank,Relative position,0.0962504429135876,0.003361155084171107
sic2_50,sic2_50,Context/categorical,0.09596328424147736,0.003351127235971035
saleq_missing,saleq_missing,Accounting fundamentals,0.09510008499716276,0.0033209835146451447
calendar_month_name_May,calendar_month_name_May,Context/categorical,0.09460853449982064,0.003303818113601208
profit_margin,profit_margin,Accounting fundamentals,0.09396002709586794,0.0032811716312377433
ltq,ltq,Accounting fundamentals,0.09383421413337473,0.0032767781254445455
return_consistency_12m,return_consistency_12m,Market behavior,0.09380431233772084,0.00327573392689911
sic2_31,sic2_31,Context/categorical,0.09193374639991687,0.0032104120226895704
firm_profile_cluster_cluster_3,firm_profile_cluster_cluster_3,Composite/unsupervised,0.09165607152784527,0.0032007153576171
log_avg_volume,log_avg_volume,Market behavior,0.09126091014274643,0.00318691595411944
low_amihud_illiq_month_rank,low_amihud_illiq_month_rank,Relative position,0.09078440065828915,0.0031702757992499472
amihud_illiq_month_rank,amihud_illiq_month_rank,Relative position,0.09078440065828729,0.0031702757992498826
momentum_3m,momentum_3m,Market behavior,0.09022386583626348,0.0031507014013575866
primary_exch_infrequent_sklearn,primary_exch_infrequent_sklearn,Context/categorical,0.08821180523185222,0.00308043837164614
firm_profile_cluster_cluster_2,firm_profile_cluster_cluster_2,Composite/unsupervised,0.08662527662328924,0.0030250353154374337
calendar_year,calendar_year,Context/categorical,0.08589504583852021,0.002999534976524207
firm_profile_cluster_cluster_4,firm_profile_cluster_cluster_4,Composite/unsupervised,0.08521611260172948,0.0029758259957489114
is_calendar_year_end,is_calendar_year_end,Context/categorical,0.08439123357212434,0.0029470204520001663
is_year_end_month,is_year_end_month,Accounting fundamentals,0.08439123357212434,0.0029470204520001663
crsp_ret_6m,crsp_ret_6m,Market behavior,0.08405900146650994,0.0029354185975347977
feature_pca4,feature_pca4,Composite/unsupervised,0.08339252917238847,0.0029121447644797466
sic2_36,sic2_36,Context/categorical,0.08072776806097948,0.002819088825342355
sic2_72,sic2_72,Context/categorical,0.08063592396222335,0.0028158815438988566
operating_cf_to_assets,operating_cf_to_assets,Accounting fundamentals,0.08043903041149848,0.0028090058377823295
sic,sic,Context/categorical,0.07949167794630237,0.002775923407629206
primary_exch_A,primary_exch_A,Context/categorical,0.07833983913514646,0.002735700123880392
sic2_49,sic2_49,Context/categorical,0.07827461779421424,0.0027334225339282333
sic2_73,sic2_73,Context/categorical,0.07689370595859064,0.0026851998068778723
crsp_obs_days,crsp_obs_days,Market behavior,0.07636389604732982,0.0026666983514770145
sic2_44,sic2_44,Context/categorical,0.0753819468320638,0.0026324077705988324
sic_division_Finance,sic_division_Finance,Context/categorical,0.0747963260648526,0.0026119573481433716
sales_growth_qoq,sales_growth_qoq,Accounting fundamentals,0.0734889999524148,0.002566304303061439
calendar_month_name_June,calendar_month_name_June,Context/categorical,0.07211523650453931,0.0025183312043670194
momentum_12m_industry_relative,momentum_12m_industry_relative,Relative position,0.07050468375412502,0.0024620892027562764
short_term_reversal,short_term_reversal,Market behavior,0.07035302795224259,0.0024567932409496505
crsp_ret_1m,crsp_ret_1m,Market behavior,0.07035302795223587,0.002456793240949416
return_1m,return_1m,Market behavior,0.07035302795223587,0.002456793240949416
ret_m,ret_m,Market behavior,0.07035302795223587,0.002456793240949416
cogsq_growth_qoq,cogsq_growth_qoq,Accounting fundamentals,0.06953629683984136,0.0024282722300560935
sic2_53,sic2_53,Context/categorical,0.06891857629688238,0.002406700853543805
volatility_6m,volatility_6m,Market behavior,0.06843084816242222,0.002389668932970662
return_consistency_6m,return_consistency_6m,Market behavior,0.06817207164911135,0.0023806322161821505
share_type_SB,share_type_SB,Context/categorical,0.0668558876723288,0.002334669846229849
sic2_54,sic2_54,Context/categorical,0.0657847021597558,0.002297263050762865
market_excess_momentum_3m,market_excess_momentum_3m,Market behavior,0.06443402005599298,0.0022500959740956216
roa_month_rank,roa_month_rank,Relative position,0.06399027461445447,0.002234599970111058
calendar_month_name_August,calendar_month_name_August,Context/categorical,0.06304434338740757,0.002201567170917403
primary_exch_N,primary_exch_N,Context/categorical,0.06236223074349912,0.0021777471622852493
amihud_illiq,amihud_illiq,Market behavior,0.06169067638136152,0.0021542958586832227
capxy,capxy,Accounting fundamentals,0.060581504424057124,0.002115562541197497
cogsq,cogsq,Accounting fundamentals,0.06010164226517769,0.0020988053078155483
sic_division_Services,sic_division_Services,Context/categorical,0.059757147865176954,0.002086775242612934
momentum_acceleration,momentum_acceleration,Market behavior,0.059703333942790815,0.0020848960103377148
niq_missing,niq_missing,Accounting fundamentals,0.058132141545031164,0.002030028508889622
gross_margin,gross_margin,Accounting fundamentals,0.05779418721772497,0.002018226829114884
saleq,saleq,Accounting fundamentals,0.05676785612711778,0.0019823863918263587
sic2_42,sic2_42,Context/categorical,0.056716291029210025,0.001980585690595778
long_term_debt_to_assets,long_term_debt_to_assets,Accounting fundamentals,0.0561756956150751,0.001961707595392305
atq,atq,Accounting fundamentals,0.05562129157461244,0.001942347290100421
primary_exch_R,primary_exch_R,Context/categorical,0.05451617419232541,0.001903755562149468
volatility_3m,volatility_3m,Market behavior,0.05435438971504558,0.0018981058975672774
is_earnings_season_month,is_earnings_season_month,Accounting fundamentals,0.05434803488599249,0.0018978839810198387
asset_turnover_industry_relative,asset_turnover_industry_relative,Relative position,0.05312104892729617,0.0018550364889103087
sic2_89,sic2_89,Context/categorical,0.05306658253801928,0.0018531344718837606
sic2_81,sic2_81,Context/categorical,0.05284544140680407,0.0018454120176798804
cogsq_growth_yoy,cogsq_growth_yoy,Accounting fundamentals,0.050769559485036544,0.0017729202881430928
sic_division_Manufacturing,sic_division_Manufacturing,Context/categorical,0.049857643104075554,0.0017410753190455713
costat_I,costat_I,Context/categorical,0.049360290908340876,0.0017237073172918745
sic2_41,sic2_41,Context/categorical,0.04921729204387809,0.001718713663800313
xsgaq_missing,xsgaq_missing,Accounting fundamentals,0.048827275610054295,0.00170509392679158
sic2_26,sic2_26,Context/categorical,0.04813492116655505,0.0016809162649816993
crsp_market_cap_last,crsp_market_cap_last,Market behavior,0.04797234011106568,0.001675238783146747
mv_end,mv_end,Market behavior,0.04797234011106568,0.001675238783146747
log_price,log_price,Market behavior,0.047659440693393576,0.0016643120441447565
book_to_market_industry_relative,book_to_market_industry_relative,Relative position,0.04740259708183528,0.0016553428260851462
curcdq_CAD,curcdq_CAD,Context/categorical,0.04590392879500109,0.001603007934116897
costat_A,costat_A,Context/categorical,0.045198934404641615,0.0015783888735937549
firm_profile_cluster_cluster_0,firm_profile_cluster_cluster_0,Composite/unsupervised,0.0444642162383108,0.0015527318311382434
roa_industry_rank,roa_industry_rank,Relative position,0.04412542650188496,0.0015409009780992082
sic2_52,sic2_52,Context/categorical,0.043005715575196474,0.0015017996299898828
niq_growth_qoq,niq_growth_qoq,Accounting fundamentals,0.04247482595247883,0.0014832604700596465
curcdq_USD,curcdq_USD,Context/categorical,0.04174257229127712,0.0014576894904179143
firm_profile_cluster_cluster_1,firm_profile_cluster_cluster_1,Composite/unsupervised,0.041621334764231216,0.0014534557630906696
ltq_missing,ltq_missing,Accounting fundamentals,0.04139895065993556,0.0014456899031095032
volatility_6m_industry_relative,volatility_6m_industry_relative,Relative position,0.04130428141445911,0.0014423839649120708
atq_growth_yoy,atq_growth_yoy,Accounting fundamentals,0.040845877384663075,0.0014263760693771198
log_assets,log_assets,Accounting fundamentals,0.0407299634398442,0.001422328246497966
primary_exch_Q,primary_exch_Q,Context/categorical,0.04063353536380616,0.001418960888299697
share_type_NS,share_type_NS,Context/categorical,0.039629475085003564,0.0013838981684954727
oancfy_missing,oancfy_missing,Accounting fundamentals,0.03893157807343912,0.001359526955048137
feature_pca1,feature_pca1,Composite/unsupervised,0.038889685304568294,0.001358064020553315
asset_turnover_change_qoq,asset_turnover_change_qoq,Accounting fundamentals,0.03780570363108305,0.0013202103712329242
capxy_missing,capxy_missing,Accounting fundamentals,0.03739477018249793,0.001305860192593145
sic2_57,sic2_57,Context/categorical,0.0373463491904995,0.0013041692864683573
dlttq_missing,dlttq_missing,Accounting fundamentals,0.03734501981011139,0.0013041228632674343
feature_pca2,feature_pca2,Composite/unsupervised,0.036870229093215495,0.0012875427293615094
return_consistency_3m,return_consistency_3m,Market behavior,0.0364807468418972,0.0012739416465032392
primary_exch_B,primary_exch_B,Context/categorical,0.03444626931452619,0.0012028957969699111
capxq_approx,capxq_approx,Accounting fundamentals,0.03441940660435253,0.001201957726119101
capxq,capxq,Accounting fundamentals,0.03441940660435253,0.001201957726119101
calendar_month_name_December,calendar_month_name_December,Context/categorical,0.03420551409290568,0.0011944884004666347
log_dollar_volume,log_dollar_volume,Market behavior,0.03410906714101102,0.0011911203831058775
current_ratio,current_ratio,Accounting fundamentals,0.03300809615247925,0.0011526734510855152
cluster_pca2,cluster_pca2,Accounting fundamentals,0.03192835168574656,0.0011149677689701357
calendar_month_name_July,calendar_month_name_July,Context/categorical,0.03150872938385406,0.0011003141674827762
dlttq,dlttq,Accounting fundamentals,0.03056379396350182,0.0010673161427860822
sic2_15,sic2_15,Context/categorical,0.03050390498628095,0.0010652247639396238
dlttq_growth_yoy,dlttq_growth_yoy,Accounting fundamentals,0.030484017164204614,0.0010645302626754065
equity_multiplier,equity_multiplier,Accounting fundamentals,0.030459571765150115,0.0010636766065796066
cluster_pca1,cluster_pca1,Accounting fundamentals,0.02989414241588599,0.0010439312872388437
dlttq_growth_qoq,dlttq_growth_qoq,Accounting fundamentals,0.02799544710499607,0.0009776270791302221
sales_growth_acceleration,sales_growth_acceleration,Accounting fundamentals,0.026803290824410856,0.0009359958718098262
sic2_47,sic2_47,Context/categorical,0.026799900368850712,0.0009358774739448536
sales_to_market,sales_to_market,Accounting fundamentals,0.026679755969231226,0.000931681919645137
crsp_ret_3m,crsp_ret_3m,Market behavior,0.026539490602538754,0.0009267837224408417
capex_to_assets,capex_to_assets,Accounting fundamentals,0.025918600063471724,0.000905101646712915
book_to_market_industry_rank,book_to_market_industry_rank,Relative position,0.02522732087540246,0.0008809615338238068
actq_missing,actq_missing,Accounting fundamentals,0.024318488286122115,0.0008492242536030547
feature_pca5,feature_pca5,Composite/unsupervised,0.024243508187895627,0.000846605878759919
equity_to_assets,equity_to_assets,Accounting fundamentals,0.023131096474314283,0.0008077594259685044
liabilities_to_assets,liabilities_to_assets,Accounting fundamentals,0.02313109647430696,0.0008077594259682486
earnings_to_market,earnings_to_market,Accounting fundamentals,0.022761245523366263,0.0007948438863976318
oancfq,oancfq,Accounting fundamentals,0.022358883794560566,0.0007807930401935753
oancfq_approx,oancfq_approx,Accounting fundamentals,0.022358883794560566,0.0007807930401935753
gross_margin_change_qoq,gross_margin_change_qoq,Accounting fundamentals,0.022313064794551526,0.0007791929980517403
rstcheq_missing,rstcheq_missing,Accounting fundamentals,0.022280099131256826,0.0007780418063955571
rstcheq,rstcheq,Accounting fundamentals,0.021386274694698552,0.0007468286248417702
daily_vol_to_monthly_vol,daily_vol_to_monthly_vol,Market behavior,0.021140380659426385,0.0007382417761810902
sic2_10,sic2_10,Context/categorical,0.021123089496856495,0.0007376379526845563
vol_d,vol_d,Market behavior,0.020036009860579185,0.0006996761196189908
crsp_vol_1m,crsp_vol_1m,Market behavior,0.020036009860579185,0.0006996761196189908
niq,niq,Accounting fundamentals,0.019503116064571578,0.0006810669720914073
log_sales,log_sales,Accounting fundamentals,0.019416451768112665,0.0006780405741669789
oibdpq,oibdpq,Accounting fundamentals,0.019355334925432253,0.0006759063171154226
mv_end_growth_yoy,mv_end_growth_yoy,Market behavior,0.019104828908719687,0.0006671584137686834
dvintfq,dvintfq,Accounting fundamentals,0.019034595518448997,0.0006647057983869668
asset_turnover,asset_turnover,Accounting fundamentals,0.018723813457205633,0.0006538529994429129
log_book_equity,log_book_equity,Accounting fundamentals,0.017427284037973084,0.000608576984940379
prc_end,prc_end,Market behavior,0.017065361246456023,0.0005959383040786493
crsp_price_last,crsp_price_last,Market behavior,0.017065361246456023,0.0005959383040786493
book_equity,book_equity,Accounting fundamentals,0.016469769161404215,0.0005751396739200202
book_equity_proxy,book_equity_proxy,Accounting fundamentals,0.016469769161404215,0.0005751396739200202
gross_margin_industry_rank,gross_margin_industry_rank,Relative position,0.016462927732469292,0.0005749007648516405
cogsq_missing,cogsq_missing,Accounting fundamentals,0.016299765765874497,0.0005692029970600075
market_excess_momentum_12m,market_excess_momentum_12m,Market behavior,0.015643588393832477,0.0005462886722694488
asset_turnover_change_yoy,asset_turnover_change_yoy,Accounting fundamentals,0.015566489217462473,0.0005435962972444934
operating_margin,operating_margin,Accounting fundamentals,0.014486817889197357,0.0005058931691925001
ebitda_margin,ebitda_margin,Accounting fundamentals,0.014486817889197357,0.0005058931691925001
sic_division_Wholesale,sic_division_Wholesale,Context/categorical,0.014271768804063188,0.0004983834549100008
niq_growth_yoy,niq_growth_yoy,Accounting fundamentals,0.012998984590583313,0.0004539366451012255
quality_momentum_interaction,quality_momentum_interaction,Composite/unsupervised,0.012221932889417721,0.00042680127619303907
roa_change_yoy,roa_change_yoy,Accounting fundamentals,0.012090486610238304,0.00042221104973604577
sic2_83,sic2_83,Context/categorical,0.011893742302498596,0.0004153405553235189
sic2_21,sic2_21,Context/categorical,0.011524215305832692,0.00040243632853780763
ltq_growth_yoy,ltq_growth_yoy,Accounting fundamentals,0.011267285491751227,0.0003934641002058262
operating_return_on_assets,operating_return_on_assets,Accounting fundamentals,0.00945133827933045,0.00033004953274150554
roa_change_qoq,roa_change_qoq,Accounting fundamentals,0.00923128961391226,0.0003223652284604392
mv_end_growth_qoq,mv_end_growth_qoq,Market behavior,0.00896979249980394,0.00031323350575896195
lctq,lctq,Accounting fundamentals,0.008777257863487601,0.0003065100169921134
earnings_growth_acceleration,earnings_growth_acceleration,Accounting fundamentals,0.008419921498409411,0.00029403149841199553
cash_like_to_assets,cash_like_to_assets,Accounting fundamentals,0.008068013476743243,0.0002817425426380906
earnings_to_market_month_rank,earnings_to_market_month_rank,Relative position,0.00777568417964904,0.0002715341313992719
gross_margin_change_yoy,gross_margin_change_yoy,Accounting fundamentals,0.007033499311549586,0.0002456163447658435
profit_margin_change_qoq,profit_margin_change_qoq,Accounting fundamentals,0.006314213634186899,0.00022049821919410386
crsp_avg_dollar_volume_1m,crsp_avg_dollar_volume_1m,Market behavior,0.00607374479908485,0.00021210082357470296
sgna_to_sales,sgna_to_sales,Accounting fundamentals,0.005779198448314117,0.00020181499075722783
calendar_month_name_October,calendar_month_name_October,Context/categorical,0.005673336521337796,0.000198118193700449
sic2_64,sic2_64,Context/categorical,0.0056606221165815184,0.00019767419484813058
rstcheltq,rstcheltq,Accounting fundamentals,0.005291743052817787,0.00018479259448264578
permco,permco,Accounting fundamentals,0.00519453188204788,0.00018139788988720984
distress_flag,distress_flag,Composite/unsupervised,0.005092794170151429,0.00017784511426102706
profit_margin_industry_rank,profit_margin_industry_rank,Relative position,0.00474684841874777,0.00016576436651608703
vol_avg,vol_avg,Market behavior,0.004601470809763053,0.00016068764505099923
crsp_avg_volume_1m,crsp_avg_volume_1m,Market behavior,0.004601470809763053,0.00016068764505099923
oibdpq_missing,oibdpq_missing,Accounting fundamentals,0.0044009940054273305,0.00015368680838205682
xsgaq,xsgaq,Accounting fundamentals,0.0041675206484598016,0.00014553370137251884
consol_C,consol_C,Context/categorical,0.004161356503739662,0.00014531844369953061
datafmt_STD,datafmt_STD,Context/categorical,0.004161356503712643,0.00014531844369858712
indfmt_INDL,indfmt_INDL,Context/categorical,0.004161356503712643,0.00014531844369858712
npatq,npatq,Accounting fundamentals,0.004151051570476173,0.0001449585858351703
momentum_12m_industry_rank,momentum_12m_industry_rank,Relative position,0.0037648911979576293,0.00013147350607754893
sic2_7,sic2_7,Context/categorical,0.003411256044591768,0.00011912423725657919
sic2_37,sic2_37,Context/categorical,0.0033692802702305646,0.00011765840413274782
lctq_missing,lctq_missing,Accounting fundamentals,0.0027257350191091556,9.51852047663526e-05
saleq_growth_yoy,saleq_growth_yoy,Accounting fundamentals,0.002504749342386453,8.74681791780927e-05
actq,actq,Accounting fundamentals,0.0025000078030676938,8.730260021029146e-05
oancfy,oancfy,Accounting fundamentals,0.002383199571151524,8.322354799304034e-05
asset_turnover_industry_rank,asset_turnover_industry_rank,Relative position,0.002211471440980158,7.722664179346169e-05
saleq_growth_qoq,saleq_growth_qoq,Accounting fundamentals,0.002168681673695749,7.573238327885295e-05
sic2_45,sic2_45,Context/categorical,0.0021073501734836133,7.359063018642371e-05
profit_margin_change_yoy,profit_margin_change_yoy,Accounting fundamentals,0.002106238534429402,7.355181071561691e-05
asset_growth_qoq,asset_growth_qoq,Accounting fundamentals,0.0019679925258079224,6.872413137536057e-05
cibegniq,cibegniq,Accounting fundamentals,0.0019071445424437277,6.659926314145813e-05
atq_growth_qoq,atq_growth_qoq,Accounting fundamentals,0.0016436568897841535,5.7398028980404565e-05
roe_proxy,roe_proxy,Accounting fundamentals,0.001629278905502429,5.689593638211868e-05
roe,roe,Accounting fundamentals,0.001629278905502429,5.689593638211868e-05
volatility_change,volatility_change,Market behavior,0.0015925202085462235,5.561228845882779e-05
profit_margin_month_rank,profit_margin_month_rank,Relative position,0.0011429173099784973,3.991173662099675e-05
ltq_growth_qoq,ltq_growth_qoq,Accounting fundamentals,0.0009685748191056471,3.38235345115225e-05
accounting_missing_count,accounting_missing_count,Accounting fundamentals,0.0001988607696443802,6.944403232850268e-06
scfq,scfq,Accounting fundamentals,0.0,0.0
market_missing_count,market_missing_count,Accounting fundamentals,0.0,0.0
